username,password,age,gender
katalondemouser@GeVFM,password_p8XmK,76,MALE
katalondemouser@skSNL,password_5CPnl,13,MALE
katalondemouser@b9vp8,password@1_vWmPN,91,FEMALE
katalondemouser@KoAcd,password@1_3bHkz,49,MALE
katalondemouser@sfaPx,password@1_ooIEY,96,MALE
katalondemouser@h0Uhn,password@1_uFMSX,46,FEMALE
katalondemouser@nRSVa,password@1_USdxP,72,FEMALE
katalondemouser@zICau,password@1_8hLjE,10,FEMALE
katalondemouser@dBaGZ,password@1_udxhE,15,MALE
katalondemouser@apx7n,password@1_DJCxG,16,FEMALE
katalondemouser@6V8tA,password@1_WHYKW,66,FEMALE
katalondemouser@4ocP5,password@1_7d7fw,84,MALE
katalondemouser@SCsOI,password_FRgts,21,MALE
katalondemouser@19kI8,password_nZotu,57,FEMALE
